{
  "project_info": {
    "project_number": "393289050155",
    "firebase_url": "https://application-dc4b6.firebaseio.com",
    "project_id": "application-dc4b6",
    "storage_bucket": "application-dc4b6.appspot.com"
  },
  "client": [
    {
      "client_info": {
        "mobilesdk_app_id": "1:393289050155:android:cd466f7ce641b8bc5b226e",
        "android_client_info": {
          "package_name": "com.example.driveforgroto"
        }
      },
      "oauth_client": [
        {
          "client_id": "393289050155-15taodjca531ldj7ak4a7o47p4suerif.apps.googleusercontent.com",
          "client_type": 1,
          "android_info": {
            "package_name": "com.example.driveforgroto",
            "certificate_hash": "c0f0acc15bcf8358c5f6b273d9b145f2ca288634"
          }
        },
        {
          "client_id": "393289050155-cg1tf02sq71hjepqvi40gnkb04m5fl9v.apps.googleusercontent.com",
          "client_type": 3
        }
      ],
      "api_key": [
        {
          "current_key": "AIzaSyD38Lrf27GVV4dEv22VALtJMnlOAmP4rcY"
        }
      ],
      "services": {
        "appinvite_service": {
          "other_platform_oauth_client": [
            {
              "client_id": "393289050155-cg1tf02sq71hjepqvi40gnkb04m5fl9v.apps.googleusercontent.com",
              "client_type": 3
            }
          ]
        }
      }
    },
    {
      "client_info": {
        "mobilesdk_app_id": "1:393289050155:android:db720b7170162129",
        "android_client_info": {
          "package_name": "com.example.myapplication2"
        }
      },
      "oauth_client": [
        {
          "client_id": "393289050155-4mooehbi7eqa3i5ib82tfihcd0ki88o5.apps.googleusercontent.com",
          "client_type": 1,
          "android_info": {
            "package_name": "com.example.myapplication2",
            "certificate_hash": "c0f0acc15bcf8358c5f6b273d9b145f2ca288634"
          }
        },
        {
          "client_id": "393289050155-cg1tf02sq71hjepqvi40gnkb04m5fl9v.apps.googleusercontent.com",
          "client_type": 3
        }
      ],
      "api_key": [
        {
          "current_key": "AIzaSyD38Lrf27GVV4dEv22VALtJMnlOAmP4rcY"
        }
      ],
      "services": {
        "appinvite_service": {
          "other_platform_oauth_client": [
            {
              "client_id": "393289050155-cg1tf02sq71hjepqvi40gnkb04m5fl9v.apps.googleusercontent.com",
              "client_type": 3
            }
          ]
        }
      }
    }
  ],
  "configuration_version": "1"
}