Sl. No.,States,totalwast2020,totalwast2021,totalwast2023,totalwast2022
1,Andhra Pradesh,6449,5159,9172,8169
2,Andaman & Nicobar Islands,105,84,149,133
3,Arunachal Pradesh,181,144,257,229
4,Assam,972,778,1383,1232
5,Bihar,6175,4940,8783,7822
6,Chandigarh,416,332,591,526
7,Chhattisgarh,1741,1393,2477,2206
8,Daman & Diu,46,37,66,59
9,Dadra & Nagar Haveli,42,34,60,54
10,NCT of Delhi,9800,7840,13937,12413
11,Goa,234,187,333,296
12,Gujarat,10047,8038,14290,12727
13,Haryana,4172,3338,5934,5285
14,Himachal Pradesh,328,262,466,415
15,Jammu & Kashmir,1527,1221,2171,1934
16,Jharkhand,2267,1814,3225,2872
17,Karnataka,9594,7675,13645,12153
18,Kerala,1221,976,1736,1546
19,Madhya Pradesh,5975,4780,8498,7569
20,Maharashtra,23986,19189,34114,30383
21,Manipur,175,140,249,222
22,Meghalaya,268,214,381,339
23,Mizoram,218,174,310,276
24,Nagaland,318,254,452,402
25,Odisha,2610,2088,3712,3306
26,Puducherry,398,318,566,504
27,Punjab,4100,3280,5831,5193
28,Rajasthan,6082,4865,8650,7704
29,Sikkim,75,60,107,95
30,Tamil Nadu,15382,12305,21876,19483
31,Telangana,7777,6222,11061,9851
32,Tripura,415,332,591,526
33,Uttar Pradesh,16656,13324,23688,21097
34,Uttarakhand,1404,1123,1996,1778
35,West Bengal,8025,6420,11413,10165


