Sr.No,"State","Total Waste Generation (Tonnes Per Day)"
1,"Andhra Pradesh",6384
2,"Andaman and Nicobar Islands",230
3,"Arunachal Pradesh",300
4,Assam,1134
5,Bihar,1318
6,"Chandigarh UT",462
7,Chhattisgarh,1680
8,"Daman and Diu",23
9,"Dadra and Nagar Haveli",110
10,"NCT of Delhi",1999
11,Goa,260
12,Gujarat,1015
13,Haryana,4514
14,"Himachal Pradesh",342
15,"Jammu and Kashmir",1300
16,Jharkhand,2327
17,Karnataka,1000
18,Kerala,1463
19,"Madhya Pradesh",6424
20,Maharashtra,7000
21,Manipur,1760
22,Meghalaya,268
23,Mizoram,280
24,Nagaland,342
25,Odisha,2650
26,"Puduchery UT",3500
27,Punjab,4100
28,Rajasthan,6500
29,Sikkim,100
30,"Tamil Nadu",11000
31,Telangana,7371
32,Tripura,420
33,"Uttar Pradesh",10000
34,Uttarakhand,1406
35,"West Bengal",7700

