Sr.No,"State","Total Waste Generation (Tonnes Per Day)"
1,"Andhra Pradesh",6384
2,"Andaman and Nicobar Islands",115
3,"Arunachal Pradesh",181
4,Assam,1134
5,Bihar,1318
6,"Chandigarh UT",462
7,Chhattisgarh,1680
8,"Daman and Diu",23
9,"Dadra and Nagar Haveli",58
10,"NCT of Delhi",10500
11,Goa,260
12,Gujarat,10145
13,Haryana,4514
14,"Himachal Pradesh",342
15,"Jammu and Kashmir",1374
16,Jharkhand,2327
17,Karnataka,10000
18,Kerala,1463
19,"Madhya Pradesh",6424
20,Maharashtra,22570
21,Manipur,176
22,Meghalaya,268
23,Mizoram,201
24,Nagaland,342
25,Odisha,2650
26,"Puduchery UT",350
27,Punjab,4100
28,Rajasthan,6500
29,Sikkim,89
30,"Tamil Nadu",15437
31,Telangana,7371
32,Tripura,420
33,"Uttar Pradesh",15288
34,Uttarakhand,1406
35,"West Bengal",7700
Total/Average,Total/Average,143572
